brand,assetNo
Oyama,Y18D004789
Oyama,Y18D004792
Oyama,Y18D004817
Oyama,Y18D004894
Oyama,Y18D004903
Oyama,Y18D005033
Oyama,Y18D005136
Oyama,Y18H000002
Oyama,Y18H000004
Oyama,Y18H000009
Oyama,Y18H000011
Oyama,Y18H000021
Oyama,Y18H000022
Oyama,Y18H000025
Oyama,Y18H000027
Oyama,Y18H000032
Oyama,Y18H000033
Oyama,Y18H000051
Oyama,Y18H000053
Oyama,Y18H000054
Oyama,Y18H000058
Oyama,Y18H000072
Oyama,Y18H000082
Oyama,Y18H000084
Oyama,Y18H000085
Oyama,Y18H000088
Oyama,Y18H000089
Oyama,Y18H000092
Oyama,Y18H000096
Oyama,Y18H000108
Oyama,Y18H000109
Oyama,Y18H000111
Oyama,Y18H000116
Oyama,Y18H000121
Oyama,Y18H000129
Oyama,Y18H000143
Oyama,Y18H000159
Oyama,Y18H000172
Oyama,Y18H000174
Oyama,Y18I000002
Oyama,Y18I000018
Oyama,Y18I000052
Oyama,Y18H000133
Oyama,Y18H000175
Oyama,Y18I000015
Avocado,01B1114200092
Avocado,01B1114200094
Avocado,01B1114200186
Avocado,01B1114200085
Avocado,01B1114200119
Avocado,01B1114200081
Avocado,01B1114200279
Avocado,01B1114200168
Avocado,01B1114200131
Avocado,01B1114200151
Avocado,01B1114200219
Avocado,01B1114200107
Avocado,01B1114200180
Avocado,01B1114200271
Avocado,01B1114200141
Avocado,01B1114200209
Avocado,01B1114200062
Avocado,01B1114200122
Avocado,01B1114200300
Avocado,01B1114200154
Avocado,01B1114200195
Avocado,01B1114200218
Avocado,01B1114200097
Avocado,01B1114200292
Avocado,01B1114200200
Avocado,01B1114200170
Avocado,01B1114200290
Avocado,01B1114200258
Avocado,01B1114200156
Avocado,01B1114200264
Avocado,01B1114200236
Avocado,01B1114200197
Avocado,01B1114200206
Avocado,01B1114200145
Avocado,01B1114200157
Avocado,01B1114200138
Avocado,01B1114200175
Avocado,01B1114200176
Avocado,01B1114200095
Avocado,01B1114200192
Avocado,01B1114200275
Avocado,01B1114200285
Avocado,01B1114200088
Avocado,01B1114200153
Avocado,01B1114200254
Avocado,01B1114200152
Avocado,01B1114200124
Avocado,01B1114200251
Avocado,01B1114200103
Avocado,01B1114200125
Avocado,01B1114200298
Oyama,Y18H000123
Oyama,Y18H000139
Oyama,Y18H000167
Oyama,Y18H000151
Oyama,Y18H000168
Oyama,Y18H000169
Avocado,01B1114200155
Avocado,01B1114200109
Avocado,01B1114200233
Avocado,01B1114200022
Avocado,01B1114200137
Avocado,01B1114200239
Avocado,01B1114200096
Avocado,01B1114200287
Avocado,01B1114200114
Avocado,01B1114200289
Avocado,01B1114200128
Avocado,01B1114200247
Avocado,01B1114200262
Avocado,01B1114200190
Avocado,01B1114200231
Avocado,01B1114200130
Avocado,01B1114200158
Avocado,01B1114200112
Avocado,01B1114200204
Avocado,01B1114200165
Avocado,01B1114200250
Avocado,01B1114200299
Avocado,01B1114200276
Avocado,01B1114200248
Avocado,01B1114200291
Avocado,01B1114200255
Avocado,01B1114200213
Avocado,01B1114200142
Avocado,01B1114200208
Avocado,01B1114200244
Avocado,01B1114200090
Avocado,01B1114200252
Avocado,01B1114200126
Avocado,01B1114200230
Avocado,01B1114200120
Avocado,01B1114200177
Avocado,01B1114200284
Avocado,01B1114200100
Avocado,01B1114200080
Avocado,01B1114200228
Avocado,01B1114200277
Avocado,01B1114200225
Avocado,01B1114200201
Avocado,01B1114200002
Avocado,01B1114200003
Avocado,01B1114200026
Avocado,01B1114200272
Avocado,01B1114200207
Avocado,01B1114200183
Avocado,01B1114200241
Avocado,01B1114200121
Avocado,01B1114200089
Avocado,01B1114200296
Avocado,01B1114200133
Avocado,01B1114200047
Avocado,01B1114200240
Avocado,01B1114200169
Avocado,01B1114200270
